stem,image_J_or_degree_zero,non_J_component,full_3_primary_component,non_J_generators,notes,status,source
0,Z_(3),0,Z_(3),,degree-zero 3-local integers,exact,"Ravenel 2026, Table A3.2 + image-of-J formula"
1,0,0,0,,,exact,"Ravenel 2026, Table A3.2 + image-of-J formula"
2,0,0,0,,,exact,"Ravenel 2026, Table A3.2 + image-of-J formula"
3,Z/3,0,Z/3,,"im J; t=(k+1)/4=1, v_3(t)=0",exact,"Ravenel 2026, Table A3.2 + image-of-J formula"
4,0,0,0,,,exact,"Ravenel 2026, Table A3.2 + image-of-J formula"
5,0,0,0,,,exact,"Ravenel 2026, Table A3.2 + image-of-J formula"
6,0,0,0,,,exact,"Ravenel 2026, Table A3.2 + image-of-J formula"
7,Z/3,0,Z/3,,"im J; t=(k+1)/4=2, v_3(t)=0",exact,"Ravenel 2026, Table A3.2 + image-of-J formula"
8,0,0,0,,,exact,"Ravenel 2026, Table A3.2 + image-of-J formula"
9,0,0,0,,,exact,"Ravenel 2026, Table A3.2 + image-of-J formula"
10,0,Z/3,Z/3,beta_1,,exact,"Ravenel 2026, Table A3.2 + image-of-J formula"
11,Z/9,0,Z/9,,"im J; t=(k+1)/4=3, v_3(t)=1",exact,"Ravenel 2026, Table A3.2 + image-of-J formula"
12,0,0,0,,,exact,"Ravenel 2026, Table A3.2 + image-of-J formula"
13,0,Z/3,Z/3,alpha_1 beta_1,,exact,"Ravenel 2026, Table A3.2 + image-of-J formula"
14,0,0,0,,,exact,"Ravenel 2026, Table A3.2 + image-of-J formula"
15,Z/3,0,Z/3,,"im J; t=(k+1)/4=4, v_3(t)=0",exact,"Ravenel 2026, Table A3.2 + image-of-J formula"
16,0,0,0,,,exact,"Ravenel 2026, Table A3.2 + image-of-J formula"
17,0,0,0,,,exact,"Ravenel 2026, Table A3.2 + image-of-J formula"
18,0,0,0,,,exact,"Ravenel 2026, Table A3.2 + image-of-J formula"
19,Z/3,0,Z/3,,"im J; t=(k+1)/4=5, v_3(t)=0",exact,"Ravenel 2026, Table A3.2 + image-of-J formula"
20,0,Z/3,Z/3,beta_1^2,,exact,"Ravenel 2026, Table A3.2 + image-of-J formula"
21,0,0,0,,,exact,"Ravenel 2026, Table A3.2 + image-of-J formula"
22,0,0,0,,,exact,"Ravenel 2026, Table A3.2 + image-of-J formula"
23,Z/9,Z/3,Z/3 + Z/9,alpha_1 beta_1^2,"im J; t=(k+1)/4=6, v_3(t)=1",exact,"Ravenel 2026, Table A3.2 + image-of-J formula"
24,0,0,0,,,exact,"Ravenel 2026, Table A3.2 + image-of-J formula"
25,0,0,0,,,exact,"Ravenel 2026, Table A3.2 + image-of-J formula"
26,0,Z/3,Z/3,beta_2,,exact,"Ravenel 2026, Table A3.2 + image-of-J formula"
27,Z/3,0,Z/3,,"im J; t=(k+1)/4=7, v_3(t)=0",exact,"Ravenel 2026, Table A3.2 + image-of-J formula"
28,0,0,0,,,exact,"Ravenel 2026, Table A3.2 + image-of-J formula"
29,0,Z/3,Z/3,alpha_1 beta_2,,exact,"Ravenel 2026, Table A3.2 + image-of-J formula"
30,0,Z/3,Z/3,beta_1^3,,exact,"Ravenel 2026, Table A3.2 + image-of-J formula"
31,Z/3,0,Z/3,,"im J; t=(k+1)/4=8, v_3(t)=0",exact,"Ravenel 2026, Table A3.2 + image-of-J formula"
32,0,0,0,,,exact,"Ravenel 2026, Table A3.2 + image-of-J formula"
33,0,0,0,,,exact,"Ravenel 2026, Table A3.2 + image-of-J formula"
34,0,0,0,,,exact,"Ravenel 2026, Table A3.2 + image-of-J formula"
35,Z/27,0,Z/27,,"im J; t=(k+1)/4=9, v_3(t)=2",exact,"Ravenel 2026, Table A3.2 + image-of-J formula"
36,0,Z/3,Z/3,beta_1 beta_2,,exact,"Ravenel 2026, Table A3.2 + image-of-J formula"
37,0,Z/3,Z/3,"<alpha_1,alpha_1,beta_1^3>",,exact,"Ravenel 2026, Table A3.2 + image-of-J formula"
38,0,Z/3,Z/3,beta_{3/2},,exact,"Ravenel 2026, Table A3.2 + image-of-J formula"
39,Z/3,Z/3,(Z/3)^2,alpha_1 beta_1 beta_2,"im J; t=(k+1)/4=10, v_3(t)=0",exact,"Ravenel 2026, Table A3.2 + image-of-J formula"
40,0,Z/3,Z/3,beta_1^4,,exact,"Ravenel 2026, Table A3.2 + image-of-J formula"
41,0,0,0,,,exact,"Ravenel 2026, Table A3.2 + image-of-J formula"
42,0,Z/3,Z/3,beta_3,,exact,"Ravenel 2026, Table A3.2 + image-of-J formula"
43,Z/3,0,Z/3,,"im J; t=(k+1)/4=11, v_3(t)=0",exact,"Ravenel 2026, Table A3.2 + image-of-J formula"
44,0,0,0,,,exact,"Ravenel 2026, Table A3.2 + image-of-J formula"
45,0,Z/9,Z/9,x_45,,exact,"Ravenel 2026, Table A3.2 + image-of-J formula"
46,0,Z/3,Z/3,beta_1^2 beta_2,,exact,"Ravenel 2026, Table A3.2 + image-of-J formula"
47,Z/9,Z/3,Z/3 + Z/9,"<alpha_1,alpha_1,beta_1^4>","im J; t=(k+1)/4=12, v_3(t)=1",exact,"Ravenel 2026, Table A3.2 + image-of-J formula"
48,0,0,0,,,exact,"Ravenel 2026, Table A3.2 + image-of-J formula"
49,0,Z/3,Z/3,alpha_1 beta_1^2 beta_2,,exact,"Ravenel 2026, Table A3.2 + image-of-J formula"
50,0,Z/3,Z/3,beta_1^5,,exact,"Ravenel 2026, Table A3.2 + image-of-J formula"
51,Z/3,0,Z/3,,"im J; t=(k+1)/4=13, v_3(t)=0",exact,"Ravenel 2026, Table A3.2 + image-of-J formula"
52,0,Z/3,Z/3,beta_2^2,,exact,"Ravenel 2026, Table A3.2 + image-of-J formula"
53,0,0,0,,,exact,"Ravenel 2026, Table A3.2 + image-of-J formula"
54,0,0,0,,,exact,"Ravenel 2026, Table A3.2 + image-of-J formula"
55,Z/3,Z/3,(Z/3)^2,alpha_1 beta_2^2,"im J; t=(k+1)/4=14, v_3(t)=0",exact,"Ravenel 2026, Table A3.2 + image-of-J formula"
56,0,0,0,,,exact,"Ravenel 2026, Table A3.2 + image-of-J formula"
57,0,0,0,,,exact,"Ravenel 2026, Table A3.2 + image-of-J formula"
58,0,0,0,,,exact,"Ravenel 2026, Table A3.2 + image-of-J formula"
59,Z/9,0,Z/9,,"im J; t=(k+1)/4=15, v_3(t)=1",exact,"Ravenel 2026, Table A3.2 + image-of-J formula"
60,0,0,0,,,exact,"Ravenel 2026, Table A3.2 + image-of-J formula"
61,0,0,0,,,exact,"Ravenel 2026, Table A3.2 + image-of-J formula"
62,0,Z/3,Z/3,beta_1 beta_2^2,,exact,"Ravenel 2026, Table A3.2 + image-of-J formula"
63,Z/3,0,Z/3,,"im J; t=(k+1)/4=16, v_3(t)=0",exact,"Ravenel 2026, Table A3.2 + image-of-J formula"
64,0,0,0,,,exact,"Ravenel 2026, Table A3.2 + image-of-J formula"
65,0,Z/3,Z/3,alpha_1 beta_1 beta_2^2,,exact,"Ravenel 2026, Table A3.2 + image-of-J formula"
66,0,0,0,,,exact,"Ravenel 2026, Table A3.2 + image-of-J formula"
67,Z/3,0,Z/3,,"im J; t=(k+1)/4=17, v_3(t)=0",exact,"Ravenel 2026, Table A3.2 + image-of-J formula"
68,0,Z/3,Z/3,x_68,,exact,"Ravenel 2026, Table A3.2 + image-of-J formula"
69,0,0,0,,,exact,"Ravenel 2026, Table A3.2 + image-of-J formula"
70,0,0,0,,,exact,"Ravenel 2026, Table A3.2 + image-of-J formula"
71,Z/27,0,Z/27,,"im J; t=(k+1)/4=18, v_3(t)=2",exact,"Ravenel 2026, Table A3.2 + image-of-J formula"
72,0,Z/3,Z/3,beta_1^2 beta_2^2,,exact,"Ravenel 2026, Table A3.2 + image-of-J formula"
73,0,0,0,,,exact,"Ravenel 2026, Table A3.2 + image-of-J formula"
74,0,Z/3,Z/3,beta_5,,exact,"Ravenel 2026, Table A3.2 + image-of-J formula"
75,Z/3,Z/9,Z/3 + Z/9,x_75,"im J; t=(k+1)/4=19, v_3(t)=0",exact,"Ravenel 2026, Table A3.2 + image-of-J formula"
76,0,0,0,,,exact,"Ravenel 2026, Table A3.2 + image-of-J formula"
77,0,0,0,,,exact,"Ravenel 2026, Table A3.2 + image-of-J formula"
78,0,Z/3,Z/3,beta_2^3,,exact,"Ravenel 2026, Table A3.2 + image-of-J formula"
79,Z/3,0,Z/3,,"im J; t=(k+1)/4=20, v_3(t)=0",exact,"Ravenel 2026, Table A3.2 + image-of-J formula"
80,0,0,0,,,exact,"Ravenel 2026, Table A3.2 + image-of-J formula"
81,0,(Z/3)^2,(Z/3)^2,gamma_2; x_81,,exact,"Ravenel 2026, Table A3.2 + image-of-J formula"
82,0,Z/3,Z/3,beta_{6/3},,exact,"Ravenel 2026, Table A3.2 + image-of-J formula"
83,Z/9,0,Z/9,,"im J; t=(k+1)/4=21, v_3(t)=1",exact,"Ravenel 2026, Table A3.2 + image-of-J formula"
84,0,(Z/3)^2,(Z/3)^2,alpha_1 gamma_2; beta_1 beta_5,,exact,"Ravenel 2026, Table A3.2 + image-of-J formula"
85,0,(Z/3)^2,(Z/3)^2,"<alpha_1,alpha_1,beta_2^3>; alpha_1 beta_{6/3}",,exact,"Ravenel 2026, Table A3.2 + image-of-J formula"
86,0,Z/3,Z/3,beta_{6/2},,exact,"Ravenel 2026, Table A3.2 + image-of-J formula"
87,Z/3,0,Z/3,,"im J; t=(k+1)/4=22, v_3(t)=0",exact,"Ravenel 2026, Table A3.2 + image-of-J formula"
88,0,0,0,,,exact,"Ravenel 2026, Table A3.2 + image-of-J formula"
89,0,0,0,,,exact,"Ravenel 2026, Table A3.2 + image-of-J formula"
90,0,Z/3,Z/3,beta_6,,exact,"Ravenel 2026, Table A3.2 + image-of-J formula"
91,Z/3,(Z/3)^2,(Z/3)^3,beta_1 gamma_2; beta_1 x_81,"im J; t=(k+1)/4=23, v_3(t)=0",exact,"Ravenel 2026, Table A3.2 + image-of-J formula"
92,0,(Z/3)^2,(Z/3)^2,beta_1 beta_{6/3}; x_92,,exact,"Ravenel 2026, Table A3.2 + image-of-J formula"
93,0,Z/9,Z/9,x_93,,exact,"Ravenel 2026, Table A3.2 + image-of-J formula"
94,0,(Z/3)^2,(Z/3)^2,alpha_1 beta_1 gamma_2; beta_1^2 beta_5,,exact,"Ravenel 2026, Table A3.2 + image-of-J formula"
95,Z/9,Z/3,Z/3 + Z/9,alpha_1 beta_1 beta_{6/3},"im J; t=(k+1)/4=24, v_3(t)=1",exact,"Ravenel 2026, Table A3.2 + image-of-J formula"
96,0,0,0,,,exact,"Ravenel 2026, Table A3.2 + image-of-J formula"
97,0,0,0,,,exact,"Ravenel 2026, Table A3.2 + image-of-J formula"
98,0,0,0,,,exact,"Ravenel 2026, Table A3.2 + image-of-J formula"
99,Z/3,Z/3,(Z/3)^2,"<alpha_1,alpha_1,x_92>","im J; t=(k+1)/4=25, v_3(t)=0",exact,"Ravenel 2026, Table A3.2 + image-of-J formula"
100,0,Z/3,Z/3,beta_2 beta_5,,exact,"Ravenel 2026, Table A3.2 + image-of-J formula"
101,0,(Z/3)^2,(Z/3)^2,beta_1^2 gamma_2; beta_1^2 x_81,,exact,"Ravenel 2026, Table A3.2 + image-of-J formula"
102,0,(Z/3)^2,(Z/3)^2,beta_1^2 beta_{6/3}; beta_1 x_92,,exact,"Ravenel 2026, Table A3.2 + image-of-J formula"
103,Z/3,0,Z/3,,"im J; t=(k+1)/4=26, v_3(t)=0",exact,"Ravenel 2026, Table A3.2 + image-of-J formula"
104,0,Z/3,Z/3,alpha_1 beta_1^2 gamma_2,,exact,"Ravenel 2026, Table A3.2 + image-of-J formula"
105,0,0,0,,,exact,"Ravenel 2026, Table A3.2 + image-of-J formula"
106,0,Z/3,Z/3,x_106,,exact,"Ravenel 2026, Table A3.2 + image-of-J formula"
107,Z/81,(Z/3)^2,(Z/3)^2 + Z/81,gamma_2 beta_2; beta_2 x_81,"im J; t=(k+1)/4=27, v_3(t)=3",exact,"Ravenel 2026, Table A3.2 + image-of-J formula"
108,0,Z/3,Z/3,beta_2 beta_{6/3},,exact,"Ravenel 2026, Table A3.2 + image-of-J formula"
